player_name,season
Vince Carter,22
Dirk Nowitzki,21
Kevin Garnett,20
Kobe Bryant,20
Tyson Chandler,19
Paul Pierce,19
Tim Duncan,19
Jason Terry,19
Jamal Crawford,19
Steve Nash,18
Derek Fisher,18
Pau Gasol,18
Nazr Mohammed,18
Jermaine O'Neal,18
Tony Parker,18
Ray Allen,18
Chauncey Billups,17
Carmelo Anthony,17
Elton Brand,17
Mike Miller,17
Andre Miller,17
Nene,17
Juwan Howard,17
Kurt Thomas,17
Joe Johnson,17
Metta World Peace,17
LeBron James,17
Richard Jefferson,17
Jason Kidd,17
Udonis Haslem,17
Kyle Korver,17
Marcus Camby,17
Jerry Stackhouse,17
Zach Randolph,17
Dwyane Wade,16
Manu Ginobili,16
Antawn Jamison,16
Andre Iguodala,16
Al Harrington,16
Dwight Howard,16
Erick Dampier,16
Zaza Pachulia,16
Ben Wallace,16
Rashard Lewis,16
Grant Hill,16
Trevor Ariza,16
Shawn Marion,16
JR Smith,15
David West,15
Chris Paul,15
Mike Dunleavy,15
Chris Andersen,15
Joe Smith,15
Shaquille O'Neal,15
Rasheed Wallace,15
Marvin Williams,15
Hedo Turkoglu,15
CJ Miles,15
Theo Ratliff,15
Lou Williams,15
Kenyon Martin,15
Devin Harris,15
Tracy McGrady,15
Luol Deng,15
LaMarcus Aldridge,14
Boris Diaw,14
Lamar Odom,14
Jose Calderon,14
Corey Maggette,14
Tayshaun Prince,14
Shaun Livingston,14
Andrew Bogut,14
Brad Miller,14
Tony Allen,14
Brian Skinner,14
Thabo Sefolosha,14
Lindsey Hunter,14
James Jones,14
Caron Butler,14
Jameer Nelson,14
Mike Bibby,14
Matt Barnes,14
Leandro Barbosa,14
Antonio McDyess,14
Stephen Jackson,14
JJ Redick,14
J.J. Barea,14
Michael Finley,14
Kyle Lowry,14
Tony Battie,14
Allen Iverson,14
Gerald Wallace,14
Rudy Gay,14
Drew Gooden,14
Richard Hamilton,14
Kendrick Perkins,14
Raymond Felton,14
Amir Johnson,14
Paul Millsap,14
Nick Collison,14
Amar'e Stoudemire,14
Rajon Rondo,14
Al Jefferson,14
Jared Dudley,13
Antonio Daniels,13
Thaddeus Young,13
Marco Belinelli,13
John Salmons,13
Kirk Hinrich,13
Reggie Evans,13
Channing Frye,13
Jarrett Jack,13
Earl Boykins,13
Earl Watson,13
Bruce Bowen,13
Baron Davis,13
DeShawn Stevenson,13
Jason Richardson,13
Keyon Dooling,13
Joel Przybilla,13
Lorenzen Wright,13
Chris Bosh,13
Beno Udrih,13
Kevin Ollie,13
Jason Collins,13
Carlos Boozer,13
Peja Stojakovic,13
Quentin Richardson,13
Steve Blake,13
Rasual Butler,13
Anthony Carter,13
Malik Rose,13
Mo Williams,13
Mikki Moore,13
Zydrunas Ilgauskas,13
Andrei Kirilenko,13
Shane Battier,13
Dahntay Jones,13
Donyell Marshall,13
Samuel Dalembert,13
Anderson Varejao,13
Mike James,13
Kris Humphries,13
Jeff Foster,13
Mike Conley,13
Stephon Marbury,13
Al Horford,13
Larry Hughes,13
Brendan Haywood,13
Dikembe Mutombo,13
Tim Thomas,13
Chris Kaman,13
Anthony Johnson,13
Brent Barry,13
Josh Smith,13
Marc Gasol,12
Brandon Bass,12
Ricky Davis,12
Jeff Green,12
Eddie Jones,12
Jason Williams,12
Brook Lopez,12
Brevin Knight,12
Marcin Gortat,12
Raja Bell,12
Robert Horry,12
Brian Cardinal,12
Monta Ellis,12
Deron Williams,12
Nicolas Batum,12
Darrell Armstrong,12
George Hill,12
Michael Redd,12
Chris Webber,12
Ian Mahinmi,12
Sam Cassell,12
Nick Young,12
Russell Westbrook,12
Shareef Abdur-Rahim,12
Gerald Green,12
Corey Brewer,12
Goran Dragic,12
Damon Stoudamire,12
Courtney Lee,12
Ryan Anderson,12
David Lee,12
Eduardo Najera,12
DeSagana Diop,12
Robin Lopez,12
James Posey,12
Eric Gordon,12
Eric Piatkowski,12
Eric Snow,12
D.J. Augustin,12
Matt Bonner,12
JaVale McGee,12
Ronnie Price,12
Ersan Ilyasova,12
DeAndre Jordan,12
Jacque Vaughn,12
P.J. Brown,12
Othella Harrington,12
Jamaal Magloire,12
Rasho Nesterovic,12
Kevin Durant,12
Aaron Williams,12
Kevin Love,12
Kevin Martin,12
Bo Outlaw,12
Antoine Walker,12
Willie Green,12
Luke Ridnour,12
Bobby Jackson,12
Adonal Foyle,12
Austin Croshere,12
Kwame Brown,12
Wilson Chandler,12
Joakim Noah,12
Vladimir Radmanovic,12
Anthony Tolliver,12
Troy Murphy,12
Cuttino Mobley,11
Darrick Martin,11
Ben Gordon,11
Serge Ibaka,11
Jrue Holiday,11
Michael Beasley,11
Jannero Pargo,11
Matt Harpring,11
Wayne Ellington,11
David Wesley,11
Steve Novak,11
Jared Jeffries,11
Charlie Villanueva,11
Sean Marks,11
Alonzo Mourning,11
Stephen Curry,11
Morris Peterson,11
Gary Payton,11
Damon Jones,11
Jalen Rose,11
Taj Gibson,11
Scot Pollard,11
Jamaal Tinsley,11
Arron Afflalo,11
Gilbert Arenas,11
Troy Hudson,11
Josh McRoberts,11
Danilo Gallinari,11
Nate Robinson,11
Danny Green,11
Dale Davis,11
James Harden,11
James Johnson,11
Corliss Williamson,11
Kosta Koufos,11
Wesley Matthews,11
DeMarre Carroll,11
DeMar DeRozan,11
Derek Anderson,11
Eddie House,11
Chris Wilcox,11
Derrick Rose,11
Devean George,11
Kenny Thomas,11
Rafer Alston,11
Jeff McInnis,11
Aaron McKie,11
Jeff Teague,11
Keith Bogans,11
Doug Christie,11
Dorell Wright,11
Ramon Sessions,11
Randy Foye,11
Randy Livingston,11
Alan Henderson,11
Eddy Curry,11
Luc Mbah a Moute,11
Patty Mills,11
Eric Williams,11
Anfernee Hardaway,11
Travis Outlaw,11
Tyronn Lue,11
Clifford Robinson,11
Jerryd Bayless,11
Brian Scalabrine,11
Vitaly Potapenko,11
Jason Smith,11
Chuck Hayes,11
Chucky Atkins,11
Michael Doleac,10
Jordan Farmar,10
Shandon Anderson,10
Gordon Hayward,10
Stacey Augmon,10
Sasha Vujacic,10
Mickael Pietrus,10
Andrea Bargnani,10
Andris Biedrins,10
Ish Smith,10
Sebastian Telfair,10
Greg Buckner,10
Spencer Hawes,10
Howard Eisley,10
Josh Howard,10
Damien Wilkins,10
Greg Ostertag,10
Tony Delk,10
Sasha Pavlovic,10
Emeka Okafor,10
Ronny Turiaf,10
Pat Garrity,10
Roger Mason Jr.,10
Patrick Patterson,10
Kevin Willis,10
Eric Bledsoe,10
Rodney Stuckey,10
Paul George,10
Dan Gadzuric,10
Al-Farouq Aminu,10
Derrick Favors,10
Ed Davis,10
Desmond Mason,10
Raef LaFrentz,10
Aaron Brooks,10
Kelvin Cato,10
Ervin Johnson,10
Evan Turner,10
Royal Ivey,10
Ruben Patterson,10
Glen Rice,10
Samaki Walker,10
Voshon Lenard,10
Danny Fortson,10
Danny Granger,10
Nick Van Exel,10
Dante Cunningham,10
Wally Szczerbiak,10
Garrett Temple,10
Ryan Hollins,10
Darko Milicic,10
Ryan Bowen,10
Omri Casspi,10
Walter McCarty,10
Francisco Garcia,10
Darren Collison,10
Vin Baker,10
Jon Barry,10
Tyreke Evans,10
Toni Kukoc,10
Brian Grant,10
Bobby Simmons,10
Mehmet Okur,10
Avery Bradley,10
Antonio Davis,10
Marquis Daniels,10
Brandan Wright,10
Joel Anthony,10
Jason Maxiell,10
Marreese Speights,10
Malik Allen,10
Martell Webster,10
Luke Walton,10
Jarron Collins,10
Jim Jackson,10
Lou Amundson,10
Blake Griffin,10
Calvin Booth,10
C.J. Watson,10
Jodie Meeks,10
Calbert Cheaney,10
Bryon Russell,10
Bonzi Wells,10
Matt Carroll,10
Luis Scola,10
Steven Smith,10
Glenn Robinson,9
Adrian Griffin,9
Charlie Ward,9
Jerome Williams,9
Lucious Harris,9
Brian Cook,9
Rodney Rogers,9
Alec Burks,9
Enes Kanter,9
Elden Campbell,9
Vlade Divac,9
Jake Voskuhl,9
Scott Williams,9
Bismack Biyombo,9
Rod Strickland,9
Travis Best,9
Stromile Swift,9
Chandler Parsons,9
Carlos Arroyo,9
Jimmy Butler,9
Erick Strickland,9
Francisco Elson,9
Mark Blount,9
Allan Houston,9
Fred Hoiberg,9
Roy Hibbert,9
Etan Thomas,9
Tristan Thompson,9
Wesley Johnson,9
Darrell Arthur,9
Mark Madsen,9
Wesley Person,9
Andray Blatche,9
DeMarcus Cousins,9
Trenton Hassell,9
Jason Hart,9
Markieff Morris,9
Nikola Vucevic,9
George Lynch,9
Alvin Williams,9
Jason Kapono,9
Carl Landry,9
Moochie Norris,9
Derrick Coleman,9
Greg Monroe,9
Jerome James,9
Steve Francis,9
Shannon Brown,9
Reggie Miller,9
John Wall,9
Lance Stephenson,9
Kenny Anderson,9
Bob Sura,9
Reggie Jackson,9
Shawn Bradley,9
Maurice Taylor,9
Jeremy Lin,9
Tom Gugliotta,9
Clar. Weatherspoon,9
Latrell Sprewell,9
Christian Laettner,9
Kendall Gill,9
Iman Shumpert,9
Kemba Walker,9
Michael Ruffin,9
Anthony Morrow,9
Michael Olowokandi,9
Anthony Parker,9
Tony Massenburg,9
Anthony Peeler,9
Melvin Ely,9
Isaiah Thomas,9
Michael Curry,9
Chris Duhon,9
Jonas Jerebko,9
Keith Van Horn,9
Lamond Murray,9
Mario Chalmers,9
Tobias Harris,9
Maurice Evans,9
Andrew DeClercq,9
Cory Joseph,9
Rick Brunson,9
Ricky Rubio,9
Brandon Jennings,9
Kawhi Leonard,9
Kyrie Irving,9
E'Twaun Moore,9
Brandon Rush,9
Yao Ming,8
Jeremy Lamb,8
Jumaine Jones,8
Bradley Beal,8
Alan Anderson,8
Kerry Kittles,8
Delonte West,8
Timofey Mozgov,8
Tracy Murray,8
Evan Fournier,8
Jelani McCoy,8
Marcus Thornton,8
Primoz Brezec,8
Luke Babbitt,8
Popeye Jones,8
Klay Thompson,8
Robert Pack,8
Ronnie Brewer,8
Rick Fox,8
Toney Douglas,8
Dee Brown,8
Reggie Williams,8
Karl Malone,8
Earl Barron,8
Jason Thompson,8
Ron Mercer,8
Will Bynum,8
Bimbo Coles,8
Marcus Banks,8
Devin Brown,8
Kenneth Faried,8
Khris Middleton,8
Draymond Green,8
Will Barton,8
Brandon Knight,8
Dion Waiters,8
Kent Bazemore,8
Patrick Beverley,8
Jon Leuer,8
Terrence Ross,8
Steven Hunter,8
Andre Drummond,8
Hubert Davis,8
John Henson,8
Lance Thomas,8
T.J. Ford,8
Anthony Davis,8
Shavlik Randolph,8
Jae Crowder,8
Scott Padgett,8
Damian Lillard,8
Tyrus Thomas,8
Charles Oakley,8
Jordan Hill,8
Scottie Pippen,8
Cole Aldrich,8
Jonathan Bender,8
Flip Murray,8
Horace Grant,8
Sean Rooks,8
Corie Blount,8
Andres Nocioni,8
Andrew Bynum,8
Hakim Warrick,8
John Lucas III,8
Maurice Harkless,8
Harrison Barnes,8
Cherokee Parks,8
Kyle O'Quinn,8
Josh Childress,8
Hassan Whiteside,8
Johan Petro,8
Ty Lawson,8
Glen Davis,8
Ira Newble,8
Trevor Booker,8
JJ Hickson,8
Alonzo Gee,8
Chris Mihm,8
Darvin Ham,8
Omer Asik,8
Mark Jackson,8
Ryan Gomes,8
Solomon Jones,8
Michael Kidd-Gilchrist,8
Meyers Leonard,8
Aron Baynes,8
O.J. Mayo,8
Avery Johnson,8
Darius Songaila,8
Gary Trent,8
Carlos Delfino,8
Jamal Mashburn,8
Tyrone Hill,8
Michael Stewart,8
Chris Whitney,8
Jonas Valanciunas,8
Gerald Henderson,8
Austin Rivers,8
Shelvin Mack,8
Mike Scott,8
LaPhonso Ellis,7
Randy Brown,7
Ime Udoka,7
Quincy Pondexter,7
Doug Overton,7
John Wallace,7
Kareem Rush,7
Kentavious Caldwell-Pope,7
Quinton Ross,7
John Stockton,7
Michael Carter-Williams,7
Mike Muscala,7
Otto Porter Jr.,7
Quincy Acy,7
Marko Jaric,7
Giannis Antetokounmpo,7
Patrick Ewing,7
Nenad Krstic,7
Justin Holiday,7
Linas Kleiza,7
Josh Powell,7
Gary Neal,7
Mike Wilks,7
Jason Caffey,7
Jarvis Hayes,7
Mark Strickland,7
Fred Jones,7
Mark Bryant,7
Juan Dixon,7
Mason Plumlee,7
Kevin Seraphin,7
John Crotty,7
Jake Tsakalidis,7
Jahidi White,7
Gorgui Dieng,7
Grant Long,7
Ekpe Udoh,7
Greg Foster,7
Lawrence Funderburke,7
Marc Jackson,7
Matthew Dellavedova,7
Monty Williams,7
Eddie Gill,7
Milt Palacio,7
Miles Plumlee,7
Jeremy Evans,7
Greivis Vasquez,7
Kelly Olynyk,7
Chris Johnson,7
Cody Zeller,7
DJ Mbenga,7
Brian Shaw,7
DerMarr Johnson,7
Tim Hardaway,7
Robert Traylor,7
Tiago Splitter,7
Bruno Sundov,7
Anthony Goldwire,7
Robert Covington,7
Darius Miles,7
Travis Knight,7
Charlie Bell,7
Speedy Claxton,7
Derrick Williams,7
Victor Oladipo,7
Tim Hardaway Jr.,7
Chase Budinger,7
Dennis Schroder,7
Troy Daniels,7
Chris Childs,7
Ben McLemore,7
Trey Burke,7
DeJuan Blair,7
Tony Snell,7
Chris Dudley,7
Steve Kerr,7
Tyler Zeller,7
David Robinson,7
Tyler Hansbrough,7
Slava Medvedenko,7
Rudy Gobert,7
Steven Adams,7
Shammond Williams,7
Chris Mills,7
Chris Crawford,7
Shawne Williams,7
Dewayne Dedmon,7
Solomon Hill,7
Daniel Gibson,7
Reggie Bullock,7
Shawn Kemp,7
Don Reid,7
Alex Len,7
Alexis Ajinca,7
Danny Ferry,7
Aaron Gray,7
CJ McCollum,7
Danny Manning,7
Allen Crabbe,7
Cartier Martin,7
Walt Williams,7
Dana Barros,7
Felton Spencer,6
Jerami Grant,6
Mark Pope,6
Fabricio Oberto,6
Carlos Rogers,6
Jeff Ayres,6
Hakeem Olajuwon,6
Jabari Parker,6
Dan Majerle,6
Craig Smith,6
Glenn Robinson III,6
Bostjan Nachbar,6
Mitch Richmond,6
Bojan Bogdanovic,6
JaMychal Green,6
Mirza Teletovic,6
Terrence Jones,6
Dan Dickau,6
Luther Head,6
Terrell Brandon,6
Matt Maloney,6
Gordan Giricek,6
James Ennis III,6
Jaren Jackson,6
Mateen Cleaves,6
Brandon Roy,6
George McCloud,6
Marcus Williams,6
Marcus Smart,6
Bryce Drew,6
Mookie Blaylock,6
Marcus Morris,6
Nikola Pekovic,6
DJ White,6
Bryant Stith,6
Matt Geiger,6
Matt Bullard,6
Gary Harris,6
Bruno Caboclo,6
Noah Vonleh,6
Marcus Fizer,6
Norris Cole,6
Nick Anderson,6
Tim Frazier,6
Nerlens Noel,6
Sam Mitchell,6
Terry Porter,6
Olden Polynice,6
Charles Smith,6
Brent Price,6
Daequan Cook,6
Shelden Williams,6
Dean Garrett,6
Chris Douglas-Roberts,6
Langston Galloway,6
Jud Buechler,6
Clint Capela,6
Renaldo Balkman,6
Dwight Powell,6
Von Wafer,6
Vladimir Stepania,6
Vinny Del Negro,6
Kyle Anderson,6
Earl Clark,6
Kyle Singler,6
Andrew Wiggins,6
Derrick McKey,6
Hilton Armstrong,6
Spencer Dinwiddie,6
Jimmer Fredette,6
Reggie Slater,6
Julius Randle,6
Chucky Brown,6
Ike Austin,6
Donatas Motiejunas,6
AJ Price,6
Aaron Gordon,6
Zendon Hamilton,6
Ike Diogu,6
Zach LaVine,6
Chris Quinn,6
Ian Clark,6
Dominic McGuire,6
Keon Clark,6
Doug McDermott,6
Dion Glover,6
Isaiah Canaan,6
Isaiah Rider,6
Jordan Clarkson,6
Jordan Crawford,6
John Jenkins,6
Austin Daye,6
Anthony Mason,6
Dell Curry,6
Lee Nailon,6
Joey Graham,6
Eric Montross,6
Arvydas Sabonis,6
Shabazz Napier,6
Tariq Abdul-Wahad,6
Lavoy Allen,6
Ronald Dupree,6
Linton Johnson,6
Joe Ingles,6
Joe Harris,6
Loren Woods,6
Seth Curry,6
PJ Tucker,6
Tyler Johnson,6
Greg Anthony,6
John Starks,6
Johnny Newman,6
Anthony Miller,6
Anthony Randolph,6
Eldridge Recasner,6
Elfrid Payton,6
Chris Gatling,6
Larry Sanders,6
Elliot Perry,6
Antoine Wright,6
Stephen Graham,6
Emanual Davis,6
Cory Alexander,6
Rodney Hood,6
Michael Dickerson,5
Chris Carr,5
T.J. McConnell,5
Cedric Henderson,5
Chris Mullin,5
Jahlil Okafor,5
JaKarr Sampson,5
Smush Parker,5
Cedric Ceballos,5
Michael Bradley,5
Stanley Johnson,5
Donnell Harvey,5
Jamal Sampson,5
Jamario Moon,5
Leon Powe,5
Antonio Harvey,5
John Thomas,5
Tyrone Corbin,5
Larry Nance Jr.,5
Larry Johnson,5
Landry Fields,5
Jordan Hamilton,5
Tyus Jones,5
Vernon Maxwell,5
Kyrylo Fesenko,5
Andrew Nicholson,5
Andre Roberson,5
Josh Richardson,5
Wang Zhi-zhi,5
Justin Anderson,5
Will Perdue,5
Kevon Looney,5
Willie Cauley-Stein,5
Justise Winslow,5
Jusuf Nurkic,5
Xavier Henry,5
Yi Jianlian,5
Karl-Anthony Towns,5
Adam Keefe,5
Zeljko Rebraca,5
Kelly Oubre Jr.,5
Trey Lyles,5
Lorenzo Brown,5
Jim McIlvaine,5
Brian Roberts,5
James Anderson,5
James Singleton,5
Jamie Feick,5
Terry Mills,5
Terry Rozier,5
Jared Sullinger,5
Mario Hezonja,5
Mario Elie,5
Byron Mullens,5
Thomas Robinson,5
Jason Collier,5
Bryant Reeves,5
MarShon Brooks,5
Loy Vaught,5
Mamadou N'diaye,5
Jeff Adrien,5
Todd Fuller,5
Tom Hammonds,5
Bobby Portis,5
Jermaine Jackson,5
Boban Marjanovic,5
Jerome Kersey,5
Jerome Moiso,5
Billy Owens,5
Travis Diener,5
Luc Longley,5
Jeff Withey,5
A.C. Green,5
Derek Strong,5
Pat Connaughton,5
Ron Harper,5
Rondae Hollis-Jefferson,5
Devin Booker,5
Richaun Holmes,5
Sean Elliott,5
Gary Grant,5
Norman Powell,5
Oliver Miller,5
Darius Miller,5
Dwayne Jones,5
Greg Smith,5
Montrezl Harrell,5
Duane Causwell,5
DeAndre Liggins,5
Nikola Mirotic,5
Detlef Schrempf,5
Muggsy Bogues,5
Myles Turner,5
Nikola Jokic,5
Eddie Griffin,5
Scott Burrell,5
Eddie Robinson,5
Nik Stauskas,5
Dante Exum,5
Eric Maynor,5
Sam Mack,5
Rodney Buford,5
Sam Perkins,5
Nemanja Bjelica,5
Rodney Carney,5
Delon Wright,5
D'Angelo Russell,5
Emmanuel Mudiay,5
Don MacLean,5
Raul Neto,5
Sherman Douglas,5
Hamed Haddadi,5
Rusty LaRue,5
Henry Walker,5
David Wingate,5
Doug West,5
Hasheem Thabeet,5
Sergio Rodriguez,5
Otis Thorpe,5
Shabazz Muhammad,5
Donald Sloan,5
Dickey Simpkins,5
Mitchell Butler,5
Cristiano Felicio,5
Michael Smith,5
Kelenna Azubuike,5
Hersey Hawkins,5
Frank Kaminsky,5
Rudy Fernandez,4
Rodney White,4
Maceo Baston,4
Joey Dorsey,4
Patrick McCaw,4
Felipe Lopez,4
Antonio Lang,4
Jerian Grant,4
Armen Gilliam,4
Archie Goodwin,4
Joffrey Lauvergne,4
Tyler Ennis,4
John Amaechi,4
Eric Moreland,4
Patrick O'Bryant,4
Bobby Phills,4
Etdrick Bohannon,4
Eric Murdock,4
DeAndre' Bembry,4
Benoit Benjamin,4
Tremaine Fowlkes,4
Pablo Prigioni,4
Jiri Welsch,4
Treveon Graham,4
Evan Eschmeyer,4
Ben Davis,4
Rodney McGruder,4
Bill Curley,4
Lonny Baxter,4
Joel Embiid,4
Bill Wennington,4
Joe Kleine,4
Lucas Nogueira,4
B.J. Armstrong,4
Davis Bertans,4
Tony Wroten,4
Luke Jackson,4
Rodrigue Beaubois,4
Lester Hudson,4
Pascal Siakam,4
Skal Labissiere,4
Dennis Rodman,4
Alan Williams,4
Quincy Lewis,4
Juancho Hernangomez,4
Quinn Cook,4
Kirk Snyder,4
Julian Wright,4
Qyntel Woods,4
RJ Hunter,4
Julyan Stone,4
Dexter Pittman,4
Khalid Reeves,4
Reggie Jordan,4
Willy Hernangomez,4
Dragan Bender,4
Al Thornton,4
Paul Davis,4
Adreian Payne,4
Domantas Sabonis,4
Yakhouba Diawara,4
Dorian Finney-Smith,4
Yogi Ferrell,4
Randolph Morris,4
Acie Law,4
Kedrick Brown,4
Zan Tabak,4
Donte Greene,4
Kendall Marshall,4
Rashad McCants,4
Keith McLeod,4
Rex Chapman,4
Kris Dunn,4
Amal McCaskill,4
Kristaps Porzingis,4
Dennis Scott,4
Elliot Williams,4
Johnny O'Bryant III,4
Antoine Carr,4
Tyrone Nesby,4
Robert Swift,4
Pervis Ellison,4
Pete Chilcutt,4
Laron Profit,4
Jonathon Simmons,4
David Nwaba,4
Robert Sacre,4
Anthony Bennett,4
Derrick Dial,4
Ansu Sesay,4
Jordan McRae,4
Derrick Jones Jr.,4
Pops Mensah-Bonsu,4
Predrag Drobnjak,4
Rik Smits,4
Andrew Lang,4
Josh Boone,4
Viktor Khryapa,4
Josh Davis,4
Richie Frahm,4
Rex Walters,4
Andre Barrett,4
Malcolm Brogdon,4
Bobby Brown,4
James Robinson,4
Jamal Murray,4
Marty Conlon,4
Casey Jacobsen,4
Damian Jones,4
Taurean Prince,4
Damion James,4
Marquese Chriss,4
Damone Brown,4
Caris LeVert,4
James Michael McAdoo,4
Cameron Payne,4
Tomas Satoransky,4
Dan Langhi,4
Mark West,4
Terrence Williams,4
James Young,4
Terry Cummings,4
Sam Young,4
Mark Hendrickson,4
Jamison Brewer,4
Mark Davis,4
Jared Cunningham,4
Daniel Santiago,4
Mario West,4
Jarell Martin,4
Sam Dekker,4
Georges Niang,4
Mardy Collins,4
Dale Ellis,4
Tarik Black,4
Bryn Forbes,4
Dajuan Wagner,4
Shawnelle Scott,4
Michael Sweetney,4
Michael Jordan,4
Michael Hawkins,4
Christian Wood,4
Sonny Weems,4
Hollis Thompson,4
Mike Harris,4
Corey Benjamin,4
Ivica Zubac,4
Henry Sims,4
Stanley Roberts,4
Shane Larkin,4
Henry Ellenson,4
J.R. Reid,4
Chris Copeland,4
Jabari Smith,4
Cheick Diallo,4
Maurice Ager,4
Sean Williams,4
Sean May,4
Greg Stiemsma,4
DaJuan Summers,4
Jake Layman,4
Sean Kilpatrick,4
Charles Barkley,4
Donny Marshall,4
Buddy Hield,4
Jakob Poeltl,4
Obinna Ekezie,4
Fred VanVleet,4
Tim Legler,4
David Harrison,4
Malik Beasley,4
Darius Morris,4
Brandon Ingram,4
Orien Greene,4
Tierre Brown,4
Nikoloz Tskitishvili,4
Todd MacCulloch,4
Todd Day,4
Marcus Haislip,4
Malik Sealy,4
Jeff Hornacek,4
Thon Maker,4
Timothe Luwawu-Cabarrot,4
Jaylen Brown,4
Malcolm Thomas,4
Manny Harris,4
Gary Payton II,4
Ryan Kelly,4
Dario Saric,4
Salah Mejri,4
Wes Iwundu,3
Sterling Brown,3
Will Conroy,3
Semi Ojeleye,3
Wade Baldwin IV,3
Khem Birch,3
P.J. Tucker,3
Walter Herrmann,3
Luke Kornet,3
Malik Monk,3
Luke Kennard,3
Kornel David,3
Quincy Miller,3
Stojko Vrankovic,3
Monte Morris,3
William Avery,3
Torrey Craig,3
Sundiata Gaines,3
Wayne Selden,3
Rafael Araujo,3
Marcus Morris Sr.,3
Willie Burton,3
Othyus Jeffers,3
Zoran Planinic,3
Rashad Vaughn,3
Malcolm Miller,3
Tony Bradley,3
Mickael Gelabale,3
Malachi Richardson,3
Mahmoud Abdul-Rauf,3
Shawn Respert,3
Zarko Cabarkapa,3
Maciej Lampe,3
Shaquille Harrison,3
Orlando Johnson,3
Zach Collins,3
Maxi Kleber,3
Ray McCallum,3
Michael Cage,3
Ruben Boumtje-Boumtje,3
Tony Smith,3
Kevin Edwards,3
Mengke Bateer,3
Royce O'Neale,3
Trajan Langdon,3
Reece Gaines,3
Kevin Johnson,3
Sergey Karasev,3
Willie Reed,3
Ryan Arcidiacono,3
Mouhamed Sene,3
Roy Rogers,3
Lavor Postell,3
Perry Jones III,3
Markelle Fultz,3
Paul Shirley,3
Larry Robinson,3
Markel Brown,3
Pape Sow,3
Samardo Samuels,3
Lauri Markkanen,3
Lonzo Ball,3
Terry Davis,3
Litterial Green,3
Pat Burke,3
Tyler Ulis,3
Tyrone Wallace,3
Terry Dehere,3
Trey Johnson,3
Rodrick Rhodes,3
Lazar Hayward,3
Ryan Humphrey,3
Sam Jacobson,3
Lee Mayberry,3
Ron Baker,3
Troy Williams,3
Mario Bennett,3
Thomas Bryant,3
Salim Stoudamire,3
OG Anunoby,3
Naz Mitrou-Long,3
Vonteego Cummings,3
Roshown McLeod,3
Quincy Douby,3
Morris Almond,3
T.J. Warren,3
TJ Leaf,3
TJ Warren,3
Kyle Kuzma,3
Tamar Slay,3
Tarence Kinsey,3
Olumide Oyedeji,3
Rick Mahorn,3
Kyle Weaver,3
Victor Claver,3
PJ Dozier,3
Lorenzo Williams,3
Rony Seikaly,3
Nate Wolters,3
Vander Blue,3
Marquis Teague,3
Tim James,3
Tyus Edney,3
Pooh Richardson,3
Terence Morris,3
Terrance Ferguson,3
Oleksiy Pecherov,3
Phil Pressey,3
Okaro White,3
Malcolm Lee,3
Jon Brockman,3
Harvey Grant,3
John Collins,3
Gheorghe Muresan,3
Gerard King,3
Joel Freeland,3
Deyonta Davis,3
Gerald Wilkins,3
Joe Young,3
Joe Wolf,3
Joe Stephens,3
Alfonzo McKinnie,3
Joe Dumars,3
Brian Evans,3
Dillon Brooks,3
Art Long,3
Briante Weber,3
Dominique Jones,3
Jimmy Oliver,3
Alton Ford,3
Chris McCullough,3
Chris Morris,3
Chris Boucher,3
Devin Ebanks,3
Denzel Valentine,3
Alex Caruso,3
Bam Adebayo,3
Derek Harper,3
Jordan Bell,3
Chris Singleton,3
Derrick Brown,3
Jonny Flynn,3
Jonathan Isaac,3
Alex Poythress,3
Jackie Butler,3
Derrick White,3
Johnny Taylor,3
Brandon Williams,3
Johnathan Motley,3
Awvee Storey,3
Alexey Shved,3
Donovan Mitchell,3
Chris Anstey,3
Dennis Smith Jr.,3
Anthony Roberson,3
Andrew Goudelock,3
Andrew Harrison,3
Caleb Swanigan,3
Frank Williams,3
Cedric Simmons,3
Jan Vesely,3
Jawad Williams,3
Anthony Brown,3
Frank Ntilikina,3
Frank Mason,3
Elijah Millsap,3
Cedi Osman,3
Jarell Eddie,3
Jarnell Stokes,3
Festus Ezeli,3
Ante Zizic,3
Carl Herrera,3
Edmond Sumner,3
Jayson Tatum,3
Arinze Onuaku,3
Eddie Johnson,3
Andre Brown,3
Drew Barry,3
Herb Williams,3
Jeremy Tyler,3
Duane Ferrell,3
Jeremy Richardson,3
Jeremy Pargo,3
Chasson Randle,3
Dwayne Bacon,3
Dwight Buycks,3
Jeffery Taylor,3
Furkan Korkmaz,3
Jeff Trepagnier,3
CJ Wilcox,3
James White,3
Cal Bowdler,3
Jayson Williams,3
Jordan Mickey,3
Jarrett Allen,3
Blue Edwards,3
Keith Askins,3
Bison Dele,3
Damjan Rudez,3
Alando Tucker,3
Hamady Ndiaye,3
Damyean Dotson,3
De'Aaron Fox,3
Justin Reed,3
Dan Schayes,3
David Vaughn,3
Abdel Nader,3
Kaniel Dickens,3
Justin Patton,3
Darrun Hilliard,3
Bernard James,3
Kadeem Allen,3
Blake Ahearn,3
Daniel Orton,3
Junior Harrington,3
Daniel Theis,3
Justin Hamilton,3
KJ McDaniels,3
Courtney Alexander,3
Bernard Robinson,3
Justin Harper,3
Danuel House Jr.,3
Justin Jackson,3
Damion Lee,3
Gustavo Ayon,3
Aaron Harrison,3
A.J. Guyton,3
Demetrius Jackson,3
Haywoode Workman,3
D.J. Wilson,3
Jorge Gutierrez,3
Keith Closs,3
Alex Abrines,3
Chuck Person,3
Josh Harrellson,3
Dejounte Murray,3
Darnell Jackson,3
Billy Thomas,3
Dalibor Bagaric,3
Greg Minor,3
Adam Morrison,3
Josh Hart,3
Bogdan Bogdanovic,3
Josh Huestis,3
Josh Jackson,3
Hot Rod Williams,3
Greg Oden,3
Ben Simmons,3
Ira Bowman,3
Brandon Armstrong,3
Chris Wright,3
Harry Giles III,2
Ognjen Kuzmic,2
Buck Williams,2
Gabe Pruitt,2
Greg Anderson,2
Miles Bridges,2
Tony Dumas,2
Sean Lampley,2
C.J. Williams,2
Omar Cook,2
Hassan Adams,2
Omari Spellman,2
Tony Farmer,2
Tony Mitchell,2
Oscar Torres,2
Othello Hunter,2
Frank Jackson,2
Mike Penberthy,2
Cameron Bairstow,2
Gal Mekel,2
Bryce Cotton,2
Thanasis Antetokounmpo,2
Nate McMillan,2
Brad Wanamaker,2
Mitchell Robinson,2
Mo Bamba,2
Gigi Datome,2
Tim Quarterman,2
Ha Ha,2
Ndudi Ebi,2
Nathan Jawai,2
Guerschon Yabusele,2
Esteban Batista,2
Hanno Mottola,2
Moritz Wagner,2
Nando De Colo,2
Grayson Allen,2
Brandon Hunter,2
Brandon Goodwin,2
Greg Graham,2
Tom Chambers,2
Mustafa Shakur,2
Brandon Davies,2
Hamidou Diallo,2
Mitch McGary,2
Milos Teodosic,2
Bruce Brown,2
Theo Pinson,2
Theron Smith,2
Thomas Gardner,2
Nolan Smith,2
Gary Clark,2
Gary Forbes,2
Harold Jamison,2
Gary Trent Jr.,2
George Zidek,2
Brooks Thompson,2
Brad Lohaus,2
Nicolas Brussino,2
Georgios Papagiannis,2
Britton Johnsen,2
Brice Johnson,2
Bracey Wright,2
Mindaugas Kuzminskas,2
Miroslav Raduljica,2
Tim Kempton,2
Nick Calathes,2
Toby Bailey,2
Chimezie Metu,2
PJ Hairston,2
Terrel Harris,2
Davon Reed,2
De'Anthony Melton,2
DeJuan Wheat,2
Sharone Wright,2
Coby Karl,2
Clyde Drexler,2
Dean Oliver,2
Clifford Rozier,2
Deandre Ayton,2
Roko Ukic,2
Cleanthony Early,2
Demetris Nichols,2
Christian Eyenga,2
Shayne Whittington,2
Rodions Kurucs,2
Deonte Burton,2
Robert Williams III,2
Sindarius Thornwell,2
Chris Robinson,2
Robert Archibald,2
Robbie Hummel,2
Derrick Walton Jr.,2
Ricky Pierce,2
Ricky Ledo,2
Chris Richard,2
Collin Sexton,2
Corey Beck,2
Shane Heal,2
Ryan Stack,2
DJ Stephens,2
Scotty Hopson,2
Curtis Borchardt,2
Scott Machado,2
Scott Brooks,2
Sarunas Jasikevicius,2
Semih Erden,2
Daniel Ewing,2
Daniel Hamilton,2
Craig Brackins,2
Courtney Sims,2
Shai Gilgeous-Alexander,2
Ruben Wolkowyski,2
Darius Johnson-Odom,2
Shake Milton,2
Ryan Broekhoff,2
Cory Jefferson,2
Darryl Watkins,2
Daryl Macon,2
David Andersen,2
Russ Smith,2
Cory Higgins,2
David Benoit,2
David Stockton,2
Desmon Farmer,2
Solomon Alabi,2
Devin Gray,2
Cezary Trybanski,2
Dusty Hannahs,2
Dwayne Schintzius,2
Dzanan Musa,2
Ed Gray,2
Charles R. Jones,2
Priest Lauderdale,2
Charles O'Bannon,2
Charles Jones,2
Charles Jenkins,2
Svi Mykhailiuk,2
Chandler Hutchison,2
Edy Tavares,2
Cheikh Samb,2
Pero Antic,2
Pepe Sanchez,2
Pavel Podkolzin,2
Paul Zipser,2
Elie Okobo,2
Paul Grant,2
Eric Riley,2
Eric Washington,2
Erick Barkley,2
Erick Green,2
Carl Thomas,2
Duncan Robinson,2
Drew Eubanks,2
Soumaila Samake,2
Stephen Howard,2
Devin Robinson,2
Devonte' Graham,2
Devyn Marble,2
Diante Garrett,2
Chris Jefferies,2
Reggie Geary,2
Dijon Thompson,2
Chris Herren,2
Chris Garner,2
Dominique Wilkins,2
Rawle Marshall,2
Donald Royal,2
Chinanu Onuaku,2
Raul Lopez,2
Donald Whiteside,2
Donell Taylor,2
Chris Chiozza,2
Donta Smith,2
Donte DiVincenzo,2
Steve Goodrich,2
Randell Jackson,2
Dontonio Wingfield,2
Rakeem Christmas,2
Steve Henson,2
Henry James,2
Doron Lamb,2
Bobby Jones,2
Alton Lister,2
Jermareo Davidson,2
Luke Harangody,2
Andrae Patterson,2
Luka Doncic,2
Jerome Jordan,2
Luis Montero,2
Amile Jefferson,2
Jerome Robinson,2
Jeryl Sasser,2
Jevon Carter,2
Walt Lemon Jr.,2
Joe Alexander,2
Jared Reiner,2
Joe Chealey,2
Allonzo Trier,2
Loren Meyer,2
Lonnie Walker IV,2
Lloyd Daniels,2
Alize Johnson,2
Joel Bolomboy,2
Leon Smith,2
Wayne Simien,2
John Coker,2
John Edwards,2
Jermaine Taylor,2
Luke Schenscher,2
Andre Emmett,2
Maalik Wayns,2
Anthony Avent,2
Mario Kasun,2
Jaren Jackson Jr.,2
Jarred Vanderbilt,2
Marcus Vinicius,2
Anfernee Simons,2
Jarrod Uthoff,2
Jarvis Varnado,2
Marcus Georges-Hunt,2
Viacheslav Kravtsov,2
Jason Sasser,2
Marcus Brown,2
Javaris Crittenton,2
Marcelo Huertas,2
Jawun Evans,2
Jaylen Morris,2
Vincent Askew,2
Malik Hairston,2
Jeff Grayer,2
Bobby Hurley,2
Jerald Honeycutt,2
Andre Owens,2
Andre Ingram,2
Wendell Carter Jr.,2
John Holland,2
Lawrence Roberts,2
Kobi Simmons,2
Kiwane Garris,2
Xavier Silas,2
Kirk Penney,2
Julius Hodge,2
Kirk Haston,2
Khyri Thomas,2
Justin Dentmon,2
Yaroslav Korolev,2
Kevin Salvadori,2
Yinka Dare,2
Justin Williams,2
Kevin Knox II,2
Yuta Watanabe,2
Kevin Huerter,2
Kalin Lucas,2
Kay Felder,2
Kenrich Williams,2
Kenny Satterfield,2
Keita Bates-Diop,2
Aaron Holiday,2
Zhaire Smith,2
Keith Booth,2
Zhou Qi,2
Xavier Munford,2
Xavier McDaniel,2
Lawrence Moten,2
Adrian Caldwell,2
Alexander Johnson,2
Johnathan Williams,2
Larry Owens,2
Jonah Bolden,2
Jonathan Gibson,2
Larry Drew II,2
Lari Ketner,2
Landry Shamet,2
Jordan Adams,2
Alex Garcia,2
Lamar Patterson,2
Will Solomon,2
Alex Acker,2
William Cunningham,2
Jorge Garbajosa,2
Joseph Forte,2
Josh Gray,2
Aleksandar Radojevic,2
Josh Magette,2
Josh Okogie,2
Kostas Papanikolaou,2
Kostas Antetokounmpo,2
Josh Selby,2
Tyshawn Taylor,2
Malcolm Delaney,2
Jackson Vroman,2
Ivan Johnson,2
J.P. Macura,2
Ivano Newbill,2
Martin Muursepp,2
Ivan Rabb,2
Ben Uzoh,2
Tyler Dorsey,2
Marshall Plumlee,2
Isaiah Whitehead,2
Tyler Cavanaugh,2
Isaiah Taylor,2
James Cotton,2
Isaiah Hicks,2
Isaiah Hartenstein,2
Trae Young,2
Tyler Honeycutt,2
Marko Milic,2
Travis Wear,2
J.R. Bremer,2
Isaac Bonga,2
Ben Handlogten,2
Axel Toupane,2
Jack Haley,2
BJ Johnson,2
Jack Cooley,2
Jacob Evans,2
Troy Brown Jr.,2
Matt Freije,2
Jalen Brunson,2
Marvin Bagley III,2
Jalen Jones,2
Arnett Moultrie,2
Melvin Frazier Jr.,2
Jamaal Franklin,2
Travis Williams,2
Armon Johnson,2
J.R. Giddens,2
Antonius Cleveland,2
James Augustine,2
Tyler Lydon,2
Antonio Burks,2
Jamie Watson,2
Horacio Llamas,2
Tornike Shengelia,2
Mark Price,2
Antonio Blakeney,2
Torraye Braggs,2
Mikal Bridges,2
Toure' Murry,2
Micheal Williams,2
James Thomas,2
James Nunnally,2
Ike Anigbogu,2
Yante Maten,1
Willie Anderson,1
Ben Bentil,1
Bob McCann,1
Trevon Duval,1
Shea Seals,1
Brandon Clarke,1
William Howard,1
Ben Hansbrough,1
Travis Hansen,1
Ben Moore,1
Tremont Waters,1
Bonzie Colson,1
Alen Smailagic,1
Courtney Fortson,1
Billy Garrett,1
Trevor Winter,1
Chris Taft,1
Will Cherry,1
D.J. Kennedy,1
AJ Hammons,1
Slavko Vranes,1
Brandon Paul,1
Yuta Tabuse,1
Will Blalock,1
Chris Silva,1
Zoran Dragic,1
Trey Gilder,1
Sim Bhullar,1
Sherron Collins,1
Sean Singletary,1
Alex Kirk,1
Zion Williamson,1
Chris Smith,1
Sheldon Mac,1
Shawn Long,1
Aleksandar Djordjevic,1
Cliff Alexander,1
Tracy Moore,1
Craig Ehlo,1
Acie Earl,1
Corsley Edwards,1
Sergei Monia,1
Alex Scales,1
Adonis Jordan,1
Shane Edwards,1
Zach Norvell Jr.,1
Zach Lofton,1
Cory Carr,1
Travis Leslie,1
Adam Harrington,1
Adonis Thomas,1
Shamorie Ponds,1
Tony Bobbitt,1
Xavier Rathan-Mayes,1
Cody Martin,1
Boniface Ndong,1
Branden Dawson,1
Sedale Threatt,1
Willie Warren,1
Admiral Schofield,1
Coty Clarke,1
Aaron Jackson,1
Alec Peters,1
Sekou Doumbouya,1
Sharrod Ford,1
Semaj Christon,1
Brandin Knight,1
Cuonzo Martin,1
Aaron Miles,1
Coby White,1
Zabian Dowdell,1
Adam Mokoka,1
Brandon Sampson,1
Anthony Bowie,1
Alex Stepheson,1
Charles Cooke,1
Talen Horton-Tucker,1
Andy Panko,1
Antonis Fotsis,1
Cedric Jackson,1
Tahjere McCall,1
Vic Law,1
Tacko Fall,1
Victor Alexander,1
Andrew White III,1
Charles Brown Jr.,1
Andrew Gaze,1
Vernon Macklin,1
Bubba Wells,1
Andreas Glyniadakis,1
Tyler Herro,1
Sun Sun,1
Bryce Dejean-Jones,1
Vincent Edwards,1
Stevin Smith,1
Vincent Hunter,1
Vincent Poirier,1
Charles Shackleford,1
Cedric Bozeman,1
Tang Hamilton,1
Vincent Yarbrough,1
Carldell Johnson,1
Anthony Grundy,1
Caleb Martin,1
Antoine Rigaudeau,1
Tyson Wheeler,1
Cameron Johnson,1
Cameron Reynolds,1
Antonio Anderson,1
Angel Delgado,1
Terrance Roberson,1
Uros Slokar,1
Terence Davis,1
Casper Ware,1
Byron Scott,1
Andy Rautins,1
Terance Mann,1
Vassilis Spanoulis,1
Carrick Felix,1
Taylor Griffin,1
Carsen Edwards,1
Taurean Green,1
Tariq Owens,1
Casey Shaw,1
Anzejs Pasecniks,1
Thomas Hamilton,1
Trey McKinney-Jones,1
Chris McCray,1
Stanton Kidd,1
Chris Hunter,1
Troy Caupain,1
Wayman Tisdale,1
Brian Bowen II,1
Stacey King,1
Tim Ohlbrecht,1
Chris Jent,1
Spud Webb,1
Chris King,1
Cam Reddish,1
Allan Ray,1
Wayne Turner,1
Brett Szabo,1
Tim Young,1
Brent Scott,1
Troy Bell,1
Trey Thompkins,1
Chris Owens,1
Chris Porter,1
Wenyen Gabriel,1
Tito Maddox,1
Stephane Lasme,1
Walter Sharpe,1
Steven Hill,1
Steve Hamer,1
Vitor Faverani,1
Steve Scheffler,1
Tyler Davis,1
Thomas Welsh,1
Bruno Fernando,1
Andre Dawkins,1
Thurl Bailey,1
Vlatko Cancar,1
Tyler Cook,1
Tibor Pleiss,1
Tim Breaux,1
Ashraf Amaya,1
Amir Coffey,1
Chris Babb,1
Alvin Sims,1
Walker Russell,1
Stephen Zimmerman,1
Ty Jerome,1
Alvin Jones,1
Chris Clemons,1
Brian Oliver,1
Arvydas Macijauskas,1
DJ Strawberry,1
Keldon Johnson,1
DaQuan Jeffries,1
Jamel Artis,1
James Southerland,1
James Scott,1
Marko Guduric,1
James Lang,1
Marlon Garnett,1
Marques Bolden,1
James Collins,1
Jamel Thomas,1
Martin Lewis,1
JamesOn Curry,1
Jameel Warney,1
Martynas Andriuskevicius,1
Jamal Robinson,1
Jalen McDaniels,1
Matisse Thybulle,1
Jalen Lecque,1
Jacob Wiley,1
Matt Costello,1
James Webb III,1
Mark Macon,1
Jacob Pullen,1
Marcus Paige,1
Jay Williams,1
Jaxson Hayes,1
Javonte Green,1
Marcus Cousin,1
Marcus Derrickson,1
Jason Miskiri,1
Jason Lawson,1
Marcus Landry,1
Jarrett Culver,1
Mark Jones,1
Jarrell Brantley,1
Marial Shayok,1
Jaron Blossomgame,1
Jared Terrell,1
Mark Baker,1
Mark Bradtke,1
Jared Harper,1
Jamil Wilson,1
Matt Fish,1
Matt Mooney,1
Jaylen Hoard,1
Mike Brown,1
Isaac Humphries,1
Michael Porter Jr.,1
Ike Fontaine,1
Igor Rakocevic,1
Ignas Brazdeikis,1
Ibrahim Kutluay,1
Mickell Gladness,1
Mike Batiste,1
Horace Jenkins,1
Isaiah Briscoe,1
Mike Hall,1
Hiram Fuller,1
Haywood Highsmith,1
Mike Smith,1
Mike Taylor,1
Mike Tobey,1
Mile Ilic,1
Miles Simon,1
Michael McDonald,1
Michael Gbinije,1
Matt Steigenga,1
Max Strus,1
Matt Thomas,1
Matt Walsh,1
Matt Williams Jr.,1
Maurice Baker,1
Maurice Carter,1
Jabari Brown,1
Maurice Ndour,1
Jabari Bird,1
JaJuan Johnson,1
Michael Frazier,1
Ja Morant,1
Melvin Booker,1
JJ O'Brien,1
Melvin Sanders,1
J.R. Henderson,1
Mfiondu Kabengele,1
Ivan McFarlin,1
Isaiah Roby,1
Jaylen Adams,1
Mangok Mathiang,1
Sean Higgins,1
Juan Carlos Navarro,1
Justin James,1
Kevinn Pinkney,1
Khalid El-Amin,1
Kim English,1
Julian Washburn,1
Juaquin Hawkins,1
Juan Toscano-Anderson,1
Korleone Young,1
Kosta Perovic,1
Kevin Murphy,1
Josh Reaves,1
Kris Joseph,1
Ky Bowman,1
Kyle Collinsworth,1
Kyle Guy,1
Josh Akognon,1
Kyle Wiltjer,1
Jordan Williams,1
Kevin Porter Jr.,1
Justin Robinson,1
Jordan Poole,1
Kenny Smith,1
Kelan Martin,1
Keith Tower,1
Keith Langford,1
Ken Johnson,1
Ken Norman,1
Keith Benson,1
Kendrick Nunn,1
Keith Appling,1
Kebu Stewart,1
Kevin Jones,1
Kasib Powell,1
Kevin Burleson,1
Kevin Duckworth,1
KZ Okpala,1
Kevin Gamble,1
Juwan Morgan,1
Kevin Hervey,1
Justin Wright-Foreman,1
Jordan Sibert,1
LaSalle Thompson,1
Jaylen Nowell,1
Jerome Allen,1
Louis King,1
Jerry Smith,1
Jerrelle Benimon,1
Luguentz Dort,1
Luis Flores,1
Luka Samanic,1
Jerome Dyson,1
Jerome Beasley,1
Luke Zeller,1
Lou Roe,1
Lynn Greer,1
Jeremiah Martin,1
Jerel McNeal,1
Jemerrio Jones,1
Jeff Sheppard,1
Jeff Nordgaard,1
Jeff Foote,1
Malik Newman,1
Jimmy Carruth,1
Jimmy King,1
Jordan McLaughlin,1
John Long,1
Jordan Loyd,1
Lance Allred,1
Jordan Bone,1
Jonathan Kerner,1
Larry Krystkowiak,1
A.J. Bramlett,1
Larry Stewart,1
John Salley,1
John Konchar,1
Joe Courtney,1
Lazaro Borrell,1
Ledell Eackles,1
John Celestand,1
Lionel Chalmers,1
Lionel Simmons,1
London Perrantes,1
Joe Crispin,1
Joe Crawford,1
Milton Doyle,1
Mirsad Turkcan,1
Harold Ellis,1
Rick Hughes,1
Dexter Boney,1
Dewan Hernandez,1
Renaldo Major,1
Devon Hall,1
Devin Green,1
Richard Manning,1
Desmond Penigar,1
Desmond Ferguson,1
Derrick Zimmerman,1
Reggie Hearn,1
Rob Kurz,1
Derrick Caracter,1
Robert Hite,1
Derrick Byars,1
Robert Parish,1
Derrick Alston,1
Derek Hood,1
Robert Werdann,1
Diamond Stone,1
Reggie Hanson,1
Derek Grimm,1
Randy Holcomb,1
RJ Barrett,1
Drew Gordon,1
Rafael Addison,1
Dragan Tarlac,1
Kelly McCarty,1
Randolph Childress,1
Dontell Jefferson,1
Donte Grantham,1
Dontae' Jones,1
Dino Radja,1
Donta Hall,1
Donnie Boyce,1
Ratko Varda,1
Rawle Alkins,1
Ray Owes,1
Ray Spalding,1
Rayjon Tucker,1
Dionte Christmas,1
Robert Whaley,1
Dennis Horner,1
Mitchell Creek,1
Daniel Gafford,1
Darius Washington,1
Darius Garland,1
Ryan Reid,1
Ryan Robertson,1
Darius Bazley,1
Darington Hobson,1
Danuel House,1
Daniel Ochefu,1
Dan McClintock,1
Rumeal Robinson,1
Sarunas Marciulionis,1
Sasha Danilovic,1
Sasha Kaun,1
Damir Markota,1
Damien Inglis,1
Dakari Johnson,1
Sean Colson,1
Dairis Bertans,1
Darrin Hancock,1
Rui Hachimura,1
Deng Gai,1
DeQuan Jones,1
Rodney Purvis,1
Deng Adel,1
Dell Demps,1
Dedric Willoughby,1
Roger Powell,1
Romeo Langford,1
Dean Wade,1
DeVaughn Akoon-Purcell,1
DeMarcus Nelson,1
David Noel,1
DeMarco Johnson,1
De'Andre Hunter,1
David Wood,1
David Wear,1
Royce White,1
Ruben Garces,1
Ruben Nembhard,1
David Vanterpool,1
Duje Dukan,1
Quinndary Weatherspoon,1
Earl Cureton,1
George King,1
Gerald Fitch,1
Gerald Brown,1
Nickeil Alexander-Walker,1
Nicolas Claxton,1
Nicolas Laprovittola,1
Nicolo Melli,1
Nigel Hayes,1
Nigel Williams-Goss,1
Geno Carlisle,1
Nick Fazekas,1
Gaylon Nickerson,1
Noel Felix,1
Garth Joseph,1
Norman Richardson,1
Garrison Mathews,1
Norvel Pelle,1
Garret Siler,1
Gani Lawal,1
Nick Johnson,1
Gerald Madkins,1
Ed O'Bannon,1
Nassir Little,1
Miye Oni,1
Guy Rucker,1
Guillermo Diaz,1
Moses Brown,1
Greg Dreiling,1
Mychal Mulder,1
Mychel Thompson,1
Myke Henry,1
Nate Driggers,1
Gian Clavell,1
Nate Huffman,1
Grant Williams,1
Grant Jerrett,1
Goga Bitadze,1
Naz Reid,1
God Shammgod,1
Negele Knight,1
Nemanja Nedovic,1
Gabe Vincent,1
Oliver Lafayette,1
Furkan Aldemir,1
Pete Myers,1
Emanuel Terry,1
Elmore Spencer,1
Paul McPherson,1
Elmer Bennett,1
Paul Watson,1
Elias Harris,1
Efthimios Rentzias,1
Edwin Ubiles,1
Peter Aluma,1
Fred Vinson,1
Peter John Ramos,1
Peyton Siva,1
Pierre Jackson,1
Pooh Jeter,1
Eddie Basden,1
Ed Stokes,1
Ed Pinckney,1
Predrag Savovic,1
Ennis Whatley,1
Eric Dawson,1
Eric Leckner,1
Eric Mika,1
Omari Johnson,1
Fred Roberts,1
Frankie King,1
Oshae Brissett,1
Frank Brickowski,1
Fab Melo,1
Evric Gray,1
P.J. Washington,1
Ernest Brown,1
Erik Murphy,1
Erik McCree,1
Pape Sy,1
Erik Daniels,1
Patricio Garino,1
Patrick Christopher,1
Eric Paschall,1
Eric Mobley,1
Zylan Cheatham,1
